mpg,cylinders,displacement,horsepower,weight,acceleration,model_year,car_name,USA,Europe,Japan,company_name,VW,amc,audi,bmw,buick,cadillac,chevrolet,chrysler,datsun,dodge,fiat,ford,hi,honda,mazda,mercedes-benz,mercury,oldsmobile,opel,peugeot,plymouth,pontiac,renault,saab,subaru,toyota,triumph,volvo
18.0,8.0,307.0,130.0,3504.0,12.0,70.0, chevelle malibu,1,0,0,chevrolet,0,0,0,0,0,0,1,0,0,0,0,0,0,0,0,0,0,0,0,0,0,0,0,0,0,0,0,0
15.0,8.0,350.0,165.0,3693.0,11.5,70.0, skylark 320,1,0,0,buick,0,0,0,0,1,0,0,0,0,0,0,0,0,0,0,0,0,0,0,0,0,0,0,0,0,0,0,0
18.0,8.0,318.0,150.0,3436.0,11.0,70.0, satellite,1,0,0,plymouth,0,0,0,0,0,0,0,0,0,0,0,0,0,0,0,0,0,0,0,0,1,0,0,0,0,0,0,0
16.0,8.0,304.0,150.0,3433.0,12.0,70.0, rebel sst,1,0,0,amc,0,1,0,0,0,0,0,0,0,0,0,0,0,0,0,0,0,0,0,0,0,0,0,0,0,0,0,0
17.0,8.0,302.0,140.0,3449.0,10.5,70.0, torino,1,0,0,ford,0,0,0,0,0,0,0,0,0,0,0,1,0,0,0,0,0,0,0,0,0,0,0,0,0,0,0,0
15.0,8.0,429.0,198.0,4341.0,10.0,70.0, galaxie 500,1,0,0,ford,0,0,0,0,0,0,0,0,0,0,0,1,0,0,0,0,0,0,0,0,0,0,0,0,0,0,0,0
14.0,8.0,454.0,220.0,4354.0,9.0,70.0, impala,1,0,0,chevrolet,0,0,0,0,0,0,1,0,0,0,0,0,0,0,0,0,0,0,0,0,0,0,0,0,0,0,0,0
14.0,8.0,440.0,215.0,4312.0,8.5,70.0, fury iii,1,0,0,plymouth,0,0,0,0,0,0,0,0,0,0,0,0,0,0,0,0,0,0,0,0,1,0,0,0,0,0,0,0
14.0,8.0,455.0,225.0,4425.0,10.0,70.0, catalina,1,0,0,pontiac,0,0,0,0,0,0,0,0,0,0,0,0,0,0,0,0,0,0,0,0,0,1,0,0,0,0,0,0
15.0,8.0,390.0,190.0,3850.0,8.5,70.0, ambassador dpl,1,0,0,amc,0,1,0,0,0,0,0,0,0,0,0,0,0,0,0,0,0,0,0,0,0,0,0,0,0,0,0,0
15.0,8.0,383.0,170.0,3563.0,10.0,70.0, challenger se,1,0,0,dodge,0,0,0,0,0,0,0,0,0,1,0,0,0,0,0,0,0,0,0,0,0,0,0,0,0,0,0,0
14.0,8.0,340.0,160.0,3609.0,8.0,70.0, 'cuda 340,1,0,0,plymouth,0,0,0,0,0,0,0,0,0,0,0,0,0,0,0,0,0,0,0,0,1,0,0,0,0,0,0,0
15.0,8.0,400.0,150.0,3761.0,9.5,70.0, monte carlo,1,0,0,chevrolet,0,0,0,0,0,0,1,0,0,0,0,0,0,0,0,0,0,0,0,0,0,0,0,0,0,0,0,0
14.0,8.0,455.0,225.0,3086.0,10.0,70.0, estate wagon (sw),1,0,0,buick,0,0,0,0,1,0,0,0,0,0,0,0,0,0,0,0,0,0,0,0,0,0,0,0,0,0,0,0
24.0,4.0,113.0,95.0,2372.0,15.0,70.0, corona mark ii,0,0,1,toyota,0,0,0,0,0,0,0,0,0,0,0,0,0,0,0,0,0,0,0,0,0,0,0,0,0,1,0,0
22.0,6.0,198.0,95.0,2833.0,15.5,70.0, duster,1,0,0,plymouth,0,0,0,0,0,0,0,0,0,0,0,0,0,0,0,0,0,0,0,0,1,0,0,0,0,0,0,0
18.0,6.0,199.0,97.0,2774.0,15.5,70.0, hornet,1,0,0,amc,0,1,0,0,0,0,0,0,0,0,0,0,0,0,0,0,0,0,0,0,0,0,0,0,0,0,0,0
21.0,6.0,200.0,85.0,2587.0,16.0,70.0, maverick,1,0,0,ford,0,0,0,0,0,0,0,0,0,0,0,1,0,0,0,0,0,0,0,0,0,0,0,0,0,0,0,0
27.0,4.0,97.0,88.0,2130.0,14.5,70.0, pl510,0,0,1,datsun,0,0,0,0,0,0,0,0,1,0,0,0,0,0,0,0,0,0,0,0,0,0,0,0,0,0,0,0
26.0,4.0,97.0,46.0,1835.0,20.5,70.0, 1131 deluxe sedan,0,1,0,VW,1,0,0,0,0,0,0,0,0,0,0,0,0,0,0,0,0,0,0,0,0,0,0,0,0,0,0,0
25.0,4.0,110.0,87.0,2672.0,17.5,70.0, 504,0,1,0,peugeot,0,0,0,0,0,0,0,0,0,0,0,0,0,0,0,0,0,0,0,1,0,0,0,0,0,0,0,0
24.0,4.0,107.0,90.0,2430.0,14.5,70.0, 100 ls,0,1,0,audi,0,0,1,0,0,0,0,0,0,0,0,0,0,0,0,0,0,0,0,0,0,0,0,0,0,0,0,0
25.0,4.0,104.0,95.0,2375.0,17.5,70.0, 99e,0,1,0,saab,0,0,0,0,0,0,0,0,0,0,0,0,0,0,0,0,0,0,0,0,0,0,0,1,0,0,0,0
26.0,4.0,121.0,113.0,2234.0,12.5,70.0, 2002,0,1,0,bmw,0,0,0,1,0,0,0,0,0,0,0,0,0,0,0,0,0,0,0,0,0,0,0,0,0,0,0,0
21.0,6.0,199.0,90.0,2648.0,15.0,70.0, gremlin,1,0,0,amc,0,1,0,0,0,0,0,0,0,0,0,0,0,0,0,0,0,0,0,0,0,0,0,0,0,0,0,0
10.0,8.0,360.0,215.0,4615.0,14.0,70.0, f250,1,0,0,ford,0,0,0,0,0,0,0,0,0,0,0,1,0,0,0,0,0,0,0,0,0,0,0,0,0,0,0,0
10.0,8.0,307.0,200.0,4376.0,15.0,70.0, c20,1,0,0,chevrolet,0,0,0,0,0,0,1,0,0,0,0,0,0,0,0,0,0,0,0,0,0,0,0,0,0,0,0,0
11.0,8.0,318.0,210.0,4382.0,13.5,70.0, d200,1,0,0,dodge,0,0,0,0,0,0,0,0,0,1,0,0,0,0,0,0,0,0,0,0,0,0,0,0,0,0,0,0
9.0,8.0,304.0,193.0,4732.0,18.5,70.0, 1200d,1,0,0,hi,0,0,0,0,0,0,0,0,0,0,0,0,1,0,0,0,0,0,0,0,0,0,0,0,0,0,0,0
27.0,4.0,97.0,88.0,2130.0,14.5,71.0, pl510,0,0,1,datsun,0,0,0,0,0,0,0,0,1,0,0,0,0,0,0,0,0,0,0,0,0,0,0,0,0,0,0,0
28.0,4.0,140.0,90.0,2264.0,15.5,71.0, vega 2300,1,0,0,chevrolet,0,0,0,0,0,0,1,0,0,0,0,0,0,0,0,0,0,0,0,0,0,0,0,0,0,0,0,0
25.0,4.0,113.0,95.0,2228.0,14.0,71.0, corona,0,0,1,toyota,0,0,0,0,0,0,0,0,0,0,0,0,0,0,0,0,0,0,0,0,0,0,0,0,0,1,0,0
25.0,4.0,98.0,101.0,2046.0,19.0,71.0, pinto,1,0,0,ford,0,0,0,0,0,0,0,0,0,0,0,1,0,0,0,0,0,0,0,0,0,0,0,0,0,0,0,0
19.0,6.0,232.0,100.0,2634.0,13.0,71.0, gremlin,1,0,0,amc,0,1,0,0,0,0,0,0,0,0,0,0,0,0,0,0,0,0,0,0,0,0,0,0,0,0,0,0
16.0,6.0,225.0,105.0,3439.0,15.5,71.0, satellite custom,1,0,0,plymouth,0,0,0,0,0,0,0,0,0,0,0,0,0,0,0,0,0,0,0,0,1,0,0,0,0,0,0,0
17.0,6.0,250.0,100.0,3329.0,15.5,71.0, chevelle malibu,1,0,0,chevrolet,0,0,0,0,0,0,1,0,0,0,0,0,0,0,0,0,0,0,0,0,0,0,0,0,0,0,0,0
19.0,6.0,250.0,88.0,3302.0,15.5,71.0, torino 500,1,0,0,ford,0,0,0,0,0,0,0,0,0,0,0,1,0,0,0,0,0,0,0,0,0,0,0,0,0,0,0,0
18.0,6.0,232.0,100.0,3288.0,15.5,71.0, matador,1,0,0,amc,0,1,0,0,0,0,0,0,0,0,0,0,0,0,0,0,0,0,0,0,0,0,0,0,0,0,0,0
14.0,8.0,350.0,165.0,4209.0,12.0,71.0, impala,1,0,0,chevrolet,0,0,0,0,0,0,1,0,0,0,0,0,0,0,0,0,0,0,0,0,0,0,0,0,0,0,0,0
14.0,8.0,400.0,175.0,4464.0,11.5,71.0, catalina brougham,1,0,0,pontiac,0,0,0,0,0,0,0,0,0,0,0,0,0,0,0,0,0,0,0,0,0,1,0,0,0,0,0,0
14.0,8.0,351.0,153.0,4154.0,13.5,71.0, galaxie 500,1,0,0,ford,0,0,0,0,0,0,0,0,0,0,0,1,0,0,0,0,0,0,0,0,0,0,0,0,0,0,0,0
14.0,8.0,318.0,150.0,4096.0,13.0,71.0, fury iii,1,0,0,plymouth,0,0,0,0,0,0,0,0,0,0,0,0,0,0,0,0,0,0,0,0,1,0,0,0,0,0,0,0
12.0,8.0,383.0,180.0,4955.0,11.5,71.0, monaco (sw),1,0,0,dodge,0,0,0,0,0,0,0,0,0,1,0,0,0,0,0,0,0,0,0,0,0,0,0,0,0,0,0,0
13.0,8.0,400.0,170.0,4746.0,12.0,71.0, country squire (sw),1,0,0,ford,0,0,0,0,0,0,0,0,0,0,0,1,0,0,0,0,0,0,0,0,0,0,0,0,0,0,0,0
13.0,8.0,400.0,175.0,5140.0,12.0,71.0, safari (sw),1,0,0,pontiac,0,0,0,0,0,0,0,0,0,0,0,0,0,0,0,0,0,0,0,0,0,1,0,0,0,0,0,0
18.0,6.0,258.0,110.0,2962.0,13.5,71.0, hornet sportabout (sw),1,0,0,amc,0,1,0,0,0,0,0,0,0,0,0,0,0,0,0,0,0,0,0,0,0,0,0,0,0,0,0,0
22.0,4.0,140.0,72.0,2408.0,19.0,71.0, vega (sw),1,0,0,chevrolet,0,0,0,0,0,0,1,0,0,0,0,0,0,0,0,0,0,0,0,0,0,0,0,0,0,0,0,0
19.0,6.0,250.0,100.0,3282.0,15.0,71.0, firebird,1,0,0,pontiac,0,0,0,0,0,0,0,0,0,0,0,0,0,0,0,0,0,0,0,0,0,1,0,0,0,0,0,0
18.0,6.0,250.0,88.0,3139.0,14.5,71.0, mustang,1,0,0,ford,0,0,0,0,0,0,0,0,0,0,0,1,0,0,0,0,0,0,0,0,0,0,0,0,0,0,0,0
23.0,4.0,122.0,86.0,2220.0,14.0,71.0, capri 2000,1,0,0,mercury,0,0,0,0,0,0,0,0,0,0,0,0,0,0,0,0,1,0,0,0,0,0,0,0,0,0,0,0
28.0,4.0,116.0,90.0,2123.0,14.0,71.0, 1900,0,1,0,opel,0,0,0,0,0,0,0,0,0,0,0,0,0,0,0,0,0,0,1,0,0,0,0,0,0,0,0,0
30.0,4.0,79.0,70.0,2074.0,19.5,71.0, 304,0,1,0,peugeot,0,0,0,0,0,0,0,0,0,0,0,0,0,0,0,0,0,0,0,1,0,0,0,0,0,0,0,0
30.0,4.0,88.0,76.0,2065.0,14.5,71.0, 124b,0,1,0,fiat,0,0,0,0,0,0,0,0,0,0,1,0,0,0,0,0,0,0,0,0,0,0,0,0,0,0,0,0
31.0,4.0,71.0,65.0,1773.0,19.0,71.0, corolla 1200,0,0,1,toyota,0,0,0,0,0,0,0,0,0,0,0,0,0,0,0,0,0,0,0,0,0,0,0,0,0,1,0,0
35.0,4.0,72.0,69.0,1613.0,18.0,71.0, 1200,0,0,1,datsun,0,0,0,0,0,0,0,0,1,0,0,0,0,0,0,0,0,0,0,0,0,0,0,0,0,0,0,0
27.0,4.0,97.0,60.0,1834.0,19.0,71.0, model 111,0,1,0,VW,1,0,0,0,0,0,0,0,0,0,0,0,0,0,0,0,0,0,0,0,0,0,0,0,0,0,0,0
26.0,4.0,91.0,70.0,1955.0,20.5,71.0, cricket,1,0,0,plymouth,0,0,0,0,0,0,0,0,0,0,0,0,0,0,0,0,0,0,0,0,1,0,0,0,0,0,0,0
24.0,4.0,113.0,95.0,2278.0,15.5,72.0, corona hardtop,0,0,1,toyota,0,0,0,0,0,0,0,0,0,0,0,0,0,0,0,0,0,0,0,0,0,0,0,0,0,1,0,0
25.0,4.0,97.5,80.0,2126.0,17.0,72.0, colt hardtop,1,0,0,dodge,0,0,0,0,0,0,0,0,0,1,0,0,0,0,0,0,0,0,0,0,0,0,0,0,0,0,0,0
23.0,4.0,97.0,54.0,2254.0,23.5,72.0, type 3,0,1,0,VW,1,0,0,0,0,0,0,0,0,0,0,0,0,0,0,0,0,0,0,0,0,0,0,0,0,0,0,0
20.0,4.0,140.0,90.0,2408.0,19.5,72.0, vega,1,0,0,chevrolet,0,0,0,0,0,0,1,0,0,0,0,0,0,0,0,0,0,0,0,0,0,0,0,0,0,0,0,0
21.0,4.0,122.0,86.0,2226.0,16.5,72.0, pinto runabout,1,0,0,ford,0,0,0,0,0,0,0,0,0,0,0,1,0,0,0,0,0,0,0,0,0,0,0,0,0,0,0,0
13.0,8.0,350.0,165.0,4274.0,12.0,72.0, impala,1,0,0,chevrolet,0,0,0,0,0,0,1,0,0,0,0,0,0,0,0,0,0,0,0,0,0,0,0,0,0,0,0,0
14.0,8.0,400.0,175.0,4385.0,12.0,72.0, catalina,1,0,0,pontiac,0,0,0,0,0,0,0,0,0,0,0,0,0,0,0,0,0,0,0,0,0,1,0,0,0,0,0,0
15.0,8.0,318.0,150.0,4135.0,13.5,72.0, fury iii,1,0,0,plymouth,0,0,0,0,0,0,0,0,0,0,0,0,0,0,0,0,0,0,0,0,1,0,0,0,0,0,0,0
14.0,8.0,351.0,153.0,4129.0,13.0,72.0, galaxie 500,1,0,0,ford,0,0,0,0,0,0,0,0,0,0,0,1,0,0,0,0,0,0,0,0,0,0,0,0,0,0,0,0
17.0,8.0,304.0,150.0,3672.0,11.5,72.0, ambassador sst,1,0,0,amc,0,1,0,0,0,0,0,0,0,0,0,0,0,0,0,0,0,0,0,0,0,0,0,0,0,0,0,0
11.0,8.0,429.0,208.0,4633.0,11.0,72.0, marquis,1,0,0,mercury,0,0,0,0,0,0,0,0,0,0,0,0,0,0,0,0,1,0,0,0,0,0,0,0,0,0,0,0
13.0,8.0,350.0,155.0,4502.0,13.5,72.0, lesabre custom,1,0,0,buick,0,0,0,0,1,0,0,0,0,0,0,0,0,0,0,0,0,0,0,0,0,0,0,0,0,0,0,0
12.0,8.0,350.0,160.0,4456.0,13.5,72.0, delta 88 royale,1,0,0,oldsmobile,0,0,0,0,0,0,0,0,0,0,0,0,0,0,0,0,0,1,0,0,0,0,0,0,0,0,0,0
13.0,8.0,400.0,190.0,4422.0,12.5,72.0, newport royal,1,0,0,chrysler,0,0,0,0,0,0,0,1,0,0,0,0,0,0,0,0,0,0,0,0,0,0,0,0,0,0,0,0
19.0,3.0,70.0,97.0,2330.0,13.5,72.0, rx2 coupe,0,0,1,mazda,0,0,0,0,0,0,0,0,0,0,0,0,0,0,1,0,0,0,0,0,0,0,0,0,0,0,0,0
15.0,8.0,304.0,150.0,3892.0,12.5,72.0, matador (sw),1,0,0,amc,0,1,0,0,0,0,0,0,0,0,0,0,0,0,0,0,0,0,0,0,0,0,0,0,0,0,0,0
13.0,8.0,307.0,130.0,4098.0,14.0,72.0, chevelle concours (sw),1,0,0,chevrolet,0,0,0,0,0,0,1,0,0,0,0,0,0,0,0,0,0,0,0,0,0,0,0,0,0,0,0,0
13.0,8.0,302.0,140.0,4294.0,16.0,72.0, gran torino (sw),1,0,0,ford,0,0,0,0,0,0,0,0,0,0,0,1,0,0,0,0,0,0,0,0,0,0,0,0,0,0,0,0
14.0,8.0,318.0,150.0,4077.0,14.0,72.0, satellite custom (sw),1,0,0,plymouth,0,0,0,0,0,0,0,0,0,0,0,0,0,0,0,0,0,0,0,0,1,0,0,0,0,0,0,0
18.0,4.0,121.0,112.0,2933.0,14.5,72.0, 145e (sw),0,1,0,volvo,0,0,0,0,0,0,0,0,0,0,0,0,0,0,0,0,0,0,0,0,0,0,0,0,0,0,0,1
22.0,4.0,121.0,76.0,2511.0,18.0,72.0, 411 (sw),0,1,0,VW,1,0,0,0,0,0,0,0,0,0,0,0,0,0,0,0,0,0,0,0,0,0,0,0,0,0,0,0
21.0,4.0,120.0,87.0,2979.0,19.5,72.0, 504 (sw),0,1,0,peugeot,0,0,0,0,0,0,0,0,0,0,0,0,0,0,0,0,0,0,0,1,0,0,0,0,0,0,0,0
26.0,4.0,96.0,69.0,2189.0,18.0,72.0, 12 (sw),0,1,0,renault,0,0,0,0,0,0,0,0,0,0,0,0,0,0,0,0,0,0,0,0,0,0,1,0,0,0,0,0
22.0,4.0,122.0,86.0,2395.0,16.0,72.0, pinto (sw),1,0,0,ford,0,0,0,0,0,0,0,0,0,0,0,1,0,0,0,0,0,0,0,0,0,0,0,0,0,0,0,0
28.0,4.0,97.0,92.0,2288.0,17.0,72.0, 510 (sw),0,0,1,datsun,0,0,0,0,0,0,0,0,1,0,0,0,0,0,0,0,0,0,0,0,0,0,0,0,0,0,0,0
23.0,4.0,120.0,97.0,2506.0,14.5,72.0, corona mark ii (sw),0,0,1,toyota,0,0,0,0,0,0,0,0,0,0,0,0,0,0,0,0,0,0,0,0,0,0,0,0,0,1,0,0
28.0,4.0,98.0,80.0,2164.0,15.0,72.0, colt (sw),1,0,0,dodge,0,0,0,0,0,0,0,0,0,1,0,0,0,0,0,0,0,0,0,0,0,0,0,0,0,0,0,0
27.0,4.0,97.0,88.0,2100.0,16.5,72.0, corolla 1600 (sw),0,0,1,toyota,0,0,0,0,0,0,0,0,0,0,0,0,0,0,0,0,0,0,0,0,0,0,0,0,0,1,0,0
13.0,8.0,350.0,175.0,4100.0,13.0,73.0, century 350,1,0,0,buick,0,0,0,0,1,0,0,0,0,0,0,0,0,0,0,0,0,0,0,0,0,0,0,0,0,0,0,0
14.0,8.0,304.0,150.0,3672.0,11.5,73.0, matador,1,0,0,amc,0,1,0,0,0,0,0,0,0,0,0,0,0,0,0,0,0,0,0,0,0,0,0,0,0,0,0,0
13.0,8.0,350.0,145.0,3988.0,13.0,73.0, malibu,1,0,0,chevrolet,0,0,0,0,0,0,1,0,0,0,0,0,0,0,0,0,0,0,0,0,0,0,0,0,0,0,0,0
14.0,8.0,302.0,137.0,4042.0,14.5,73.0, gran torino,1,0,0,ford,0,0,0,0,0,0,0,0,0,0,0,1,0,0,0,0,0,0,0,0,0,0,0,0,0,0,0,0
15.0,8.0,318.0,150.0,3777.0,12.5,73.0, coronet custom,1,0,0,dodge,0,0,0,0,0,0,0,0,0,1,0,0,0,0,0,0,0,0,0,0,0,0,0,0,0,0,0,0
12.0,8.0,429.0,198.0,4952.0,11.5,73.0, marquis brougham,1,0,0,mercury,0,0,0,0,0,0,0,0,0,0,0,0,0,0,0,0,1,0,0,0,0,0,0,0,0,0,0,0
13.0,8.0,400.0,150.0,4464.0,12.0,73.0, caprice classic,1,0,0,chevrolet,0,0,0,0,0,0,1,0,0,0,0,0,0,0,0,0,0,0,0,0,0,0,0,0,0,0,0,0
13.0,8.0,351.0,158.0,4363.0,13.0,73.0, ltd,1,0,0,ford,0,0,0,0,0,0,0,0,0,0,0,1,0,0,0,0,0,0,0,0,0,0,0,0,0,0,0,0
14.0,8.0,318.0,150.0,4237.0,14.5,73.0, fury gran sedan,1,0,0,plymouth,0,0,0,0,0,0,0,0,0,0,0,0,0,0,0,0,0,0,0,0,1,0,0,0,0,0,0,0
13.0,8.0,440.0,215.0,4735.0,11.0,73.0, new yorker brougham,1,0,0,chrysler,0,0,0,0,0,0,0,1,0,0,0,0,0,0,0,0,0,0,0,0,0,0,0,0,0,0,0,0
12.0,8.0,455.0,225.0,4951.0,11.0,73.0, electra 225 custom,1,0,0,buick,0,0,0,0,1,0,0,0,0,0,0,0,0,0,0,0,0,0,0,0,0,0,0,0,0,0,0,0
13.0,8.0,360.0,175.0,3821.0,11.0,73.0, ambassador brougham,1,0,0,amc,0,1,0,0,0,0,0,0,0,0,0,0,0,0,0,0,0,0,0,0,0,0,0,0,0,0,0,0
18.0,6.0,225.0,105.0,3121.0,16.5,73.0, valiant,1,0,0,plymouth,0,0,0,0,0,0,0,0,0,0,0,0,0,0,0,0,0,0,0,0,1,0,0,0,0,0,0,0
16.0,6.0,250.0,100.0,3278.0,18.0,73.0, nova custom,1,0,0,chevrolet,0,0,0,0,0,0,1,0,0,0,0,0,0,0,0,0,0,0,0,0,0,0,0,0,0,0,0,0
18.0,6.0,232.0,100.0,2945.0,16.0,73.0, hornet,1,0,0,amc,0,1,0,0,0,0,0,0,0,0,0,0,0,0,0,0,0,0,0,0,0,0,0,0,0,0,0,0
18.0,6.0,250.0,88.0,3021.0,16.5,73.0, maverick,1,0,0,ford,0,0,0,0,0,0,0,0,0,0,0,1,0,0,0,0,0,0,0,0,0,0,0,0,0,0,0,0
23.0,6.0,198.0,95.0,2904.0,16.0,73.0, duster,1,0,0,plymouth,0,0,0,0,0,0,0,0,0,0,0,0,0,0,0,0,0,0,0,0,1,0,0,0,0,0,0,0
26.0,4.0,97.0,46.0,1950.0,21.0,73.0, super beetle,0,1,0,VW,1,0,0,0,0,0,0,0,0,0,0,0,0,0,0,0,0,0,0,0,0,0,0,0,0,0,0,0
11.0,8.0,400.0,150.0,4997.0,14.0,73.0, impala,1,0,0,chevrolet,0,0,0,0,0,0,1,0,0,0,0,0,0,0,0,0,0,0,0,0,0,0,0,0,0,0,0,0
12.0,8.0,400.0,167.0,4906.0,12.5,73.0, country,1,0,0,ford,0,0,0,0,0,0,0,0,0,0,0,1,0,0,0,0,0,0,0,0,0,0,0,0,0,0,0,0
13.0,8.0,360.0,170.0,4654.0,13.0,73.0, custom suburb,1,0,0,plymouth,0,0,0,0,0,0,0,0,0,0,0,0,0,0,0,0,0,0,0,0,1,0,0,0,0,0,0,0
12.0,8.0,350.0,180.0,4499.0,12.5,73.0, vista cruiser,1,0,0,oldsmobile,0,0,0,0,0,0,0,0,0,0,0,0,0,0,0,0,0,1,0,0,0,0,0,0,0,0,0,0
18.0,6.0,232.0,100.0,2789.0,15.0,73.0, gremlin,1,0,0,amc,0,1,0,0,0,0,0,0,0,0,0,0,0,0,0,0,0,0,0,0,0,0,0,0,0,0,0,0
20.0,4.0,97.0,88.0,2279.0,19.0,73.0, carina,0,0,1,toyota,0,0,0,0,0,0,0,0,0,0,0,0,0,0,0,0,0,0,0,0,0,0,0,0,0,1,0,0
21.0,4.0,140.0,72.0,2401.0,19.5,73.0, vega,1,0,0,chevrolet,0,0,0,0,0,0,1,0,0,0,0,0,0,0,0,0,0,0,0,0,0,0,0,0,0,0,0,0
22.0,4.0,108.0,94.0,2379.0,16.5,73.0, 610,0,0,1,datsun,0,0,0,0,0,0,0,0,1,0,0,0,0,0,0,0,0,0,0,0,0,0,0,0,0,0,0,0
18.0,3.0,70.0,90.0,2124.0,13.5,73.0, rx3,0,0,1,mazda,0,0,0,0,0,0,0,0,0,0,0,0,0,0,1,0,0,0,0,0,0,0,0,0,0,0,0,0
19.0,4.0,122.0,85.0,2310.0,18.5,73.0, pinto,1,0,0,ford,0,0,0,0,0,0,0,0,0,0,0,1,0,0,0,0,0,0,0,0,0,0,0,0,0,0,0,0
21.0,6.0,155.0,107.0,2472.0,14.0,73.0, capri v6,1,0,0,mercury,0,0,0,0,0,0,0,0,0,0,0,0,0,0,0,0,1,0,0,0,0,0,0,0,0,0,0,0
26.0,4.0,98.0,90.0,2265.0,15.5,73.0, 124 sport coupe,0,1,0,fiat,0,0,0,0,0,0,0,0,0,0,1,0,0,0,0,0,0,0,0,0,0,0,0,0,0,0,0,0
15.0,8.0,350.0,145.0,4082.0,13.0,73.0, monte carlo s,1,0,0,chevrolet,0,0,0,0,0,0,1,0,0,0,0,0,0,0,0,0,0,0,0,0,0,0,0,0,0,0,0,0
16.0,8.0,400.0,230.0,4278.0,9.5,73.0, grand prix,1,0,0,pontiac,0,0,0,0,0,0,0,0,0,0,0,0,0,0,0,0,0,0,0,0,0,1,0,0,0,0,0,0
29.0,4.0,68.0,49.0,1867.0,19.5,73.0, 128,0,1,0,fiat,0,0,0,0,0,0,0,0,0,0,1,0,0,0,0,0,0,0,0,0,0,0,0,0,0,0,0,0
24.0,4.0,116.0,75.0,2158.0,15.5,73.0, manta,0,1,0,opel,0,0,0,0,0,0,0,0,0,0,0,0,0,0,0,0,0,0,1,0,0,0,0,0,0,0,0,0
20.0,4.0,114.0,91.0,2582.0,14.0,73.0, 100ls,0,1,0,audi,0,0,1,0,0,0,0,0,0,0,0,0,0,0,0,0,0,0,0,0,0,0,0,0,0,0,0,0
19.0,4.0,121.0,112.0,2868.0,15.5,73.0, 144ea,0,1,0,volvo,0,0,0,0,0,0,0,0,0,0,0,0,0,0,0,0,0,0,0,0,0,0,0,0,0,0,0,1
15.0,8.0,318.0,150.0,3399.0,11.0,73.0, dart custom,1,0,0,dodge,0,0,0,0,0,0,0,0,0,1,0,0,0,0,0,0,0,0,0,0,0,0,0,0,0,0,0,0
24.0,4.0,121.0,110.0,2660.0,14.0,73.0, 99le,0,1,0,saab,0,0,0,0,0,0,0,0,0,0,0,0,0,0,0,0,0,0,0,0,0,0,0,1,0,0,0,0
20.0,6.0,156.0,122.0,2807.0,13.5,73.0, mark ii,0,0,1,toyota,0,0,0,0,0,0,0,0,0,0,0,0,0,0,0,0,0,0,0,0,0,0,0,0,0,1,0,0
11.0,8.0,350.0,180.0,3664.0,11.0,73.0, omega,1,0,0,oldsmobile,0,0,0,0,0,0,0,0,0,0,0,0,0,0,0,0,0,1,0,0,0,0,0,0,0,0,0,0
20.0,6.0,198.0,95.0,3102.0,16.5,74.0, duster,1,0,0,plymouth,0,0,0,0,0,0,0,0,0,0,0,0,0,0,0,0,0,0,0,0,1,0,0,0,0,0,0,0
21.0,6.0,200.0,129.0,2875.0,17.0,74.0, maverick,1,0,0,ford,0,0,0,0,0,0,0,0,0,0,0,1,0,0,0,0,0,0,0,0,0,0,0,0,0,0,0,0
19.0,6.0,232.0,100.0,2901.0,16.0,74.0, hornet,1,0,0,amc,0,1,0,0,0,0,0,0,0,0,0,0,0,0,0,0,0,0,0,0,0,0,0,0,0,0,0,0
15.0,6.0,250.0,100.0,3336.0,17.0,74.0, nova,1,0,0,chevrolet,0,0,0,0,0,0,1,0,0,0,0,0,0,0,0,0,0,0,0,0,0,0,0,0,0,0,0,0
31.0,4.0,79.0,67.0,1950.0,19.0,74.0, b210,0,0,1,datsun,0,0,0,0,0,0,0,0,1,0,0,0,0,0,0,0,0,0,0,0,0,0,0,0,0,0,0,0
26.0,4.0,122.0,80.0,2451.0,16.5,74.0, pinto,1,0,0,ford,0,0,0,0,0,0,0,0,0,0,0,1,0,0,0,0,0,0,0,0,0,0,0,0,0,0,0,0
32.0,4.0,71.0,65.0,1836.0,21.0,74.0, corolla 1200,0,0,1,toyota,0,0,0,0,0,0,0,0,0,0,0,0,0,0,0,0,0,0,0,0,0,0,0,0,0,1,0,0
25.0,4.0,140.0,75.0,2542.0,17.0,74.0, vega,1,0,0,chevrolet,0,0,0,0,0,0,1,0,0,0,0,0,0,0,0,0,0,0,0,0,0,0,0,0,0,0,0,0
16.0,6.0,250.0,100.0,3781.0,17.0,74.0, chevelle malibu classic,1,0,0,chevrolet,0,0,0,0,0,0,1,0,0,0,0,0,0,0,0,0,0,0,0,0,0,0,0,0,0,0,0,0
16.0,6.0,258.0,110.0,3632.0,18.0,74.0, matador,1,0,0,amc,0,1,0,0,0,0,0,0,0,0,0,0,0,0,0,0,0,0,0,0,0,0,0,0,0,0,0,0
18.0,6.0,225.0,105.0,3613.0,16.5,74.0, satellite sebring,1,0,0,plymouth,0,0,0,0,0,0,0,0,0,0,0,0,0,0,0,0,0,0,0,0,1,0,0,0,0,0,0,0
16.0,8.0,302.0,140.0,4141.0,14.0,74.0, gran torino,1,0,0,ford,0,0,0,0,0,0,0,0,0,0,0,1,0,0,0,0,0,0,0,0,0,0,0,0,0,0,0,0
13.0,8.0,350.0,150.0,4699.0,14.5,74.0, century luxus (sw),1,0,0,buick,0,0,0,0,1,0,0,0,0,0,0,0,0,0,0,0,0,0,0,0,0,0,0,0,0,0,0,0
14.0,8.0,318.0,150.0,4457.0,13.5,74.0, coronet custom (sw),1,0,0,dodge,0,0,0,0,0,0,0,0,0,1,0,0,0,0,0,0,0,0,0,0,0,0,0,0,0,0,0,0
14.0,8.0,302.0,140.0,4638.0,16.0,74.0, gran torino (sw),1,0,0,ford,0,0,0,0,0,0,0,0,0,0,0,1,0,0,0,0,0,0,0,0,0,0,0,0,0,0,0,0
14.0,8.0,304.0,150.0,4257.0,15.5,74.0, matador (sw),1,0,0,amc,0,1,0,0,0,0,0,0,0,0,0,0,0,0,0,0,0,0,0,0,0,0,0,0,0,0,0,0
29.0,4.0,98.0,83.0,2219.0,16.5,74.0, fox,0,1,0,audi,0,0,1,0,0,0,0,0,0,0,0,0,0,0,0,0,0,0,0,0,0,0,0,0,0,0,0,0
26.0,4.0,79.0,67.0,1963.0,15.5,74.0, dasher,0,1,0,VW,1,0,0,0,0,0,0,0,0,0,0,0,0,0,0,0,0,0,0,0,0,0,0,0,0,0,0,0
26.0,4.0,97.0,78.0,2300.0,14.5,74.0, manta,0,1,0,opel,0,0,0,0,0,0,0,0,0,0,0,0,0,0,0,0,0,0,1,0,0,0,0,0,0,0,0,0
31.0,4.0,76.0,52.0,1649.0,16.5,74.0, corona,0,0,1,toyota,0,0,0,0,0,0,0,0,0,0,0,0,0,0,0,0,0,0,0,0,0,0,0,0,0,1,0,0
32.0,4.0,83.0,61.0,2003.0,19.0,74.0, 710,0,0,1,datsun,0,0,0,0,0,0,0,0,1,0,0,0,0,0,0,0,0,0,0,0,0,0,0,0,0,0,0,0
28.0,4.0,90.0,75.0,2125.0,14.5,74.0, colt,1,0,0,dodge,0,0,0,0,0,0,0,0,0,1,0,0,0,0,0,0,0,0,0,0,0,0,0,0,0,0,0,0
24.0,4.0,90.0,75.0,2108.0,15.5,74.0, 128,0,1,0,fiat,0,0,0,0,0,0,0,0,0,0,1,0,0,0,0,0,0,0,0,0,0,0,0,0,0,0,0,0
26.0,4.0,116.0,75.0,2246.0,14.0,74.0, 124 tc,0,1,0,fiat,0,0,0,0,0,0,0,0,0,0,1,0,0,0,0,0,0,0,0,0,0,0,0,0,0,0,0,0
24.0,4.0,120.0,97.0,2489.0,15.0,74.0, civic,0,0,1,honda,0,0,0,0,0,0,0,0,0,0,0,0,0,1,0,0,0,0,0,0,0,0,0,0,0,0,0,0
26.0,4.0,108.0,93.0,2391.0,15.5,74.0,subaru,0,0,1,subaru,0,0,0,0,0,0,0,0,0,0,0,0,0,0,0,0,0,0,0,0,0,0,0,0,1,0,0,0
31.0,4.0,79.0,67.0,2000.0,16.0,74.0, x1.9,0,1,0,fiat,0,0,0,0,0,0,0,0,0,0,1,0,0,0,0,0,0,0,0,0,0,0,0,0,0,0,0,0
19.0,6.0,225.0,95.0,3264.0,16.0,75.0, valiant custom,1,0,0,plymouth,0,0,0,0,0,0,0,0,0,0,0,0,0,0,0,0,0,0,0,0,1,0,0,0,0,0,0,0
18.0,6.0,250.0,105.0,3459.0,16.0,75.0, nova,1,0,0,chevrolet,0,0,0,0,0,0,1,0,0,0,0,0,0,0,0,0,0,0,0,0,0,0,0,0,0,0,0,0
15.0,6.0,250.0,72.0,3432.0,21.0,75.0, monarch,1,0,0,mercury,0,0,0,0,0,0,0,0,0,0,0,0,0,0,0,0,1,0,0,0,0,0,0,0,0,0,0,0
15.0,6.0,250.0,72.0,3158.0,19.5,75.0, maverick,1,0,0,ford,0,0,0,0,0,0,0,0,0,0,0,1,0,0,0,0,0,0,0,0,0,0,0,0,0,0,0,0
16.0,8.0,400.0,170.0,4668.0,11.5,75.0, catalina,1,0,0,pontiac,0,0,0,0,0,0,0,0,0,0,0,0,0,0,0,0,0,0,0,0,0,1,0,0,0,0,0,0
15.0,8.0,350.0,145.0,4440.0,14.0,75.0, bel air,1,0,0,chevrolet,0,0,0,0,0,0,1,0,0,0,0,0,0,0,0,0,0,0,0,0,0,0,0,0,0,0,0,0
16.0,8.0,318.0,150.0,4498.0,14.5,75.0, grand fury,1,0,0,plymouth,0,0,0,0,0,0,0,0,0,0,0,0,0,0,0,0,0,0,0,0,1,0,0,0,0,0,0,0
14.0,8.0,351.0,148.0,4657.0,13.5,75.0, ltd,1,0,0,ford,0,0,0,0,0,0,0,0,0,0,0,1,0,0,0,0,0,0,0,0,0,0,0,0,0,0,0,0
17.0,6.0,231.0,110.0,3907.0,21.0,75.0, century,1,0,0,buick,0,0,0,0,1,0,0,0,0,0,0,0,0,0,0,0,0,0,0,0,0,0,0,0,0,0,0,0
16.0,6.0,250.0,105.0,3897.0,18.5,75.0, chevelle malibu,1,0,0,chevrolet,0,0,0,0,0,0,1,0,0,0,0,0,0,0,0,0,0,0,0,0,0,0,0,0,0,0,0,0
15.0,6.0,258.0,110.0,3730.0,19.0,75.0, matador,1,0,0,amc,0,1,0,0,0,0,0,0,0,0,0,0,0,0,0,0,0,0,0,0,0,0,0,0,0,0,0,0
18.0,6.0,225.0,95.0,3785.0,19.0,75.0, fury,1,0,0,plymouth,0,0,0,0,0,0,0,0,0,0,0,0,0,0,0,0,0,0,0,0,1,0,0,0,0,0,0,0
21.0,6.0,231.0,110.0,3039.0,15.0,75.0, skyhawk,1,0,0,buick,0,0,0,0,1,0,0,0,0,0,0,0,0,0,0,0,0,0,0,0,0,0,0,0,0,0,0,0
20.0,8.0,262.0,110.0,3221.0,13.5,75.0, monza 2+2,1,0,0,chevrolet,0,0,0,0,0,0,1,0,0,0,0,0,0,0,0,0,0,0,0,0,0,0,0,0,0,0,0,0
13.0,8.0,302.0,129.0,3169.0,12.0,75.0, mustang ii,1,0,0,ford,0,0,0,0,0,0,0,0,0,0,0,1,0,0,0,0,0,0,0,0,0,0,0,0,0,0,0,0
29.0,4.0,97.0,75.0,2171.0,16.0,75.0, corolla,0,0,1,toyota,0,0,0,0,0,0,0,0,0,0,0,0,0,0,0,0,0,0,0,0,0,0,0,0,0,1,0,0
23.0,4.0,140.0,83.0,2639.0,17.0,75.0, pinto,1,0,0,ford,0,0,0,0,0,0,0,0,0,0,0,1,0,0,0,0,0,0,0,0,0,0,0,0,0,0,0,0
20.0,6.0,232.0,100.0,2914.0,16.0,75.0, gremlin,1,0,0,amc,0,1,0,0,0,0,0,0,0,0,0,0,0,0,0,0,0,0,0,0,0,0,0,0,0,0,0,0
23.0,4.0,140.0,78.0,2592.0,18.5,75.0, astro,1,0,0,pontiac,0,0,0,0,0,0,0,0,0,0,0,0,0,0,0,0,0,0,0,0,0,1,0,0,0,0,0,0
24.0,4.0,134.0,96.0,2702.0,13.5,75.0, corona,0,0,1,toyota,0,0,0,0,0,0,0,0,0,0,0,0,0,0,0,0,0,0,0,0,0,0,0,0,0,1,0,0
25.0,4.0,90.0,71.0,2223.0,16.5,75.0, dasher,0,1,0,VW,1,0,0,0,0,0,0,0,0,0,0,0,0,0,0,0,0,0,0,0,0,0,0,0,0,0,0,0
24.0,4.0,119.0,97.0,2545.0,17.0,75.0, 710,0,0,1,datsun,0,0,0,0,0,0,0,0,1,0,0,0,0,0,0,0,0,0,0,0,0,0,0,0,0,0,0,0
18.0,6.0,171.0,97.0,2984.0,14.5,75.0, pinto,1,0,0,ford,0,0,0,0,0,0,0,0,0,0,0,1,0,0,0,0,0,0,0,0,0,0,0,0,0,0,0,0
29.0,4.0,90.0,70.0,1937.0,14.0,75.0, rabbit,0,1,0,VW,1,0,0,0,0,0,0,0,0,0,0,0,0,0,0,0,0,0,0,0,0,0,0,0,0,0,0,0
19.0,6.0,232.0,90.0,3211.0,17.0,75.0, pacer,1,0,0,amc,0,1,0,0,0,0,0,0,0,0,0,0,0,0,0,0,0,0,0,0,0,0,0,0,0,0,0,0
23.0,4.0,115.0,95.0,2694.0,15.0,75.0, 100ls,0,1,0,audi,0,0,1,0,0,0,0,0,0,0,0,0,0,0,0,0,0,0,0,0,0,0,0,0,0,0,0,0
23.0,4.0,120.0,88.0,2957.0,17.0,75.0, 504,0,1,0,peugeot,0,0,0,0,0,0,0,0,0,0,0,0,0,0,0,0,0,0,0,1,0,0,0,0,0,0,0,0
22.0,4.0,121.0,98.0,2945.0,14.5,75.0, 244dl,0,1,0,volvo,0,0,0,0,0,0,0,0,0,0,0,0,0,0,0,0,0,0,0,0,0,0,0,0,0,0,0,1
25.0,4.0,121.0,115.0,2671.0,13.5,75.0, 99le,0,1,0,saab,0,0,0,0,0,0,0,0,0,0,0,0,0,0,0,0,0,0,0,0,0,0,0,1,0,0,0,0
33.0,4.0,91.0,53.0,1795.0,17.5,75.0, civic cvcc,0,0,1,honda,0,0,0,0,0,0,0,0,0,0,0,0,0,1,0,0,0,0,0,0,0,0,0,0,0,0,0,0
28.0,4.0,107.0,86.0,2464.0,15.5,76.0, 131,0,1,0,fiat,0,0,0,0,0,0,0,0,0,0,1,0,0,0,0,0,0,0,0,0,0,0,0,0,0,0,0,0
25.0,4.0,116.0,81.0,2220.0,16.9,76.0, 1900,0,1,0,opel,0,0,0,0,0,0,0,0,0,0,0,0,0,0,0,0,0,0,1,0,0,0,0,0,0,0,0,0
25.0,4.0,140.0,92.0,2572.0,14.9,76.0, ii,1,0,0,ford,0,0,0,0,0,0,0,0,0,0,0,1,0,0,0,0,0,0,0,0,0,0,0,0,0,0,0,0
26.0,4.0,98.0,79.0,2255.0,17.7,76.0, colt,1,0,0,dodge,0,0,0,0,0,0,0,0,0,1,0,0,0,0,0,0,0,0,0,0,0,0,0,0,0,0,0,0
27.0,4.0,101.0,83.0,2202.0,15.3,76.0, 12tl,0,1,0,renault,0,0,0,0,0,0,0,0,0,0,0,0,0,0,0,0,0,0,0,0,0,0,1,0,0,0,0,0
17.5,8.0,305.0,140.0,4215.0,13.0,76.0, chevelle malibu classic,1,0,0,chevrolet,0,0,0,0,0,0,1,0,0,0,0,0,0,0,0,0,0,0,0,0,0,0,0,0,0,0,0,0
16.0,8.0,318.0,150.0,4190.0,13.0,76.0, coronet brougham,1,0,0,dodge,0,0,0,0,0,0,0,0,0,1,0,0,0,0,0,0,0,0,0,0,0,0,0,0,0,0,0,0
15.5,8.0,304.0,120.0,3962.0,13.9,76.0, matador,1,0,0,amc,0,1,0,0,0,0,0,0,0,0,0,0,0,0,0,0,0,0,0,0,0,0,0,0,0,0,0,0
14.5,8.0,351.0,152.0,4215.0,12.8,76.0, gran torino,1,0,0,ford,0,0,0,0,0,0,0,0,0,0,0,1,0,0,0,0,0,0,0,0,0,0,0,0,0,0,0,0
22.0,6.0,225.0,100.0,3233.0,15.4,76.0, valiant,1,0,0,plymouth,0,0,0,0,0,0,0,0,0,0,0,0,0,0,0,0,0,0,0,0,1,0,0,0,0,0,0,0
22.0,6.0,250.0,105.0,3353.0,14.5,76.0, nova,1,0,0,chevrolet,0,0,0,0,0,0,1,0,0,0,0,0,0,0,0,0,0,0,0,0,0,0,0,0,0,0,0,0
24.0,6.0,200.0,81.0,3012.0,17.6,76.0, maverick,1,0,0,ford,0,0,0,0,0,0,0,0,0,0,0,1,0,0,0,0,0,0,0,0,0,0,0,0,0,0,0,0
22.5,6.0,232.0,90.0,3085.0,17.6,76.0, hornet,1,0,0,amc,0,1,0,0,0,0,0,0,0,0,0,0,0,0,0,0,0,0,0,0,0,0,0,0,0,0,0,0
29.0,4.0,85.0,52.0,2035.0,22.2,76.0, chevette,1,0,0,chevrolet,0,0,0,0,0,0,1,0,0,0,0,0,0,0,0,0,0,0,0,0,0,0,0,0,0,0,0,0
24.5,4.0,98.0,60.0,2164.0,22.1,76.0, woody,1,0,0,chevrolet,0,0,0,0,0,0,1,0,0,0,0,0,0,0,0,0,0,0,0,0,0,0,0,0,0,0,0,0
29.0,4.0,90.0,70.0,1937.0,14.2,76.0, rabbit,0,1,0,VW,1,0,0,0,0,0,0,0,0,0,0,0,0,0,0,0,0,0,0,0,0,0,0,0,0,0,0,0
33.0,4.0,91.0,53.0,1795.0,17.4,76.0, civic,0,0,1,honda,0,0,0,0,0,0,0,0,0,0,0,0,0,1,0,0,0,0,0,0,0,0,0,0,0,0,0,0
20.0,6.0,225.0,100.0,3651.0,17.7,76.0, aspen se,1,0,0,dodge,0,0,0,0,0,0,0,0,0,1,0,0,0,0,0,0,0,0,0,0,0,0,0,0,0,0,0,0
18.0,6.0,250.0,78.0,3574.0,21.0,76.0, granada ghia,1,0,0,ford,0,0,0,0,0,0,0,0,0,0,0,1,0,0,0,0,0,0,0,0,0,0,0,0,0,0,0,0
18.5,6.0,250.0,110.0,3645.0,16.2,76.0, ventura sj,1,0,0,pontiac,0,0,0,0,0,0,0,0,0,0,0,0,0,0,0,0,0,0,0,0,0,1,0,0,0,0,0,0
17.5,6.0,258.0,95.0,3193.0,17.8,76.0, pacer d/l,1,0,0,amc,0,1,0,0,0,0,0,0,0,0,0,0,0,0,0,0,0,0,0,0,0,0,0,0,0,0,0,0
29.5,4.0,97.0,71.0,1825.0,12.2,76.0, rabbit,0,1,0,VW,1,0,0,0,0,0,0,0,0,0,0,0,0,0,0,0,0,0,0,0,0,0,0,0,0,0,0,0
32.0,4.0,85.0,70.0,1990.0,17.0,76.0, b-210,0,0,1,datsun,0,0,0,0,0,0,0,0,1,0,0,0,0,0,0,0,0,0,0,0,0,0,0,0,0,0,0,0
28.0,4.0,97.0,75.0,2155.0,16.4,76.0, corolla,0,0,1,toyota,0,0,0,0,0,0,0,0,0,0,0,0,0,0,0,0,0,0,0,0,0,0,0,0,0,1,0,0
26.5,4.0,140.0,72.0,2565.0,13.6,76.0, pinto,1,0,0,ford,0,0,0,0,0,0,0,0,0,0,0,1,0,0,0,0,0,0,0,0,0,0,0,0,0,0,0,0
20.0,4.0,130.0,102.0,3150.0,15.7,76.0, 245,0,1,0,volvo,0,0,0,0,0,0,0,0,0,0,0,0,0,0,0,0,0,0,0,0,0,0,0,0,0,0,0,1
13.0,8.0,318.0,150.0,3940.0,13.2,76.0, volare premier v8,1,0,0,plymouth,0,0,0,0,0,0,0,0,0,0,0,0,0,0,0,0,0,0,0,0,1,0,0,0,0,0,0,0
19.0,4.0,120.0,88.0,3270.0,21.9,76.0, 504,0,1,0,peugeot,0,0,0,0,0,0,0,0,0,0,0,0,0,0,0,0,0,0,0,1,0,0,0,0,0,0,0,0
19.0,6.0,156.0,108.0,2930.0,15.5,76.0, mark ii,0,0,1,toyota,0,0,0,0,0,0,0,0,0,0,0,0,0,0,0,0,0,0,0,0,0,0,0,0,0,1,0,0
16.5,6.0,168.0,120.0,3820.0,16.7,76.0, 280s,0,1,0,mercedes-benz,0,0,0,0,0,0,0,0,0,0,0,0,0,0,0,1,0,0,0,0,0,0,0,0,0,0,0,0
16.5,8.0,350.0,180.0,4380.0,12.1,76.0, seville,1,0,0,cadillac,0,0,0,0,0,1,0,0,0,0,0,0,0,0,0,0,0,0,0,0,0,0,0,0,0,0,0,0
13.0,8.0,350.0,145.0,4055.0,12.0,76.0, c10,1,0,0,chevrolet,0,0,0,0,0,0,1,0,0,0,0,0,0,0,0,0,0,0,0,0,0,0,0,0,0,0,0,0
13.0,8.0,302.0,130.0,3870.0,15.0,76.0, f108,1,0,0,ford,0,0,0,0,0,0,0,0,0,0,0,1,0,0,0,0,0,0,0,0,0,0,0,0,0,0,0,0
13.0,8.0,318.0,150.0,3755.0,14.0,76.0, d100,1,0,0,dodge,0,0,0,0,0,0,0,0,0,1,0,0,0,0,0,0,0,0,0,0,0,0,0,0,0,0,0,0
31.5,4.0,98.0,68.0,2045.0,18.5,77.0, accord cvcc,0,0,1,honda,0,0,0,0,0,0,0,0,0,0,0,0,0,1,0,0,0,0,0,0,0,0,0,0,0,0,0,0
30.0,4.0,111.0,80.0,2155.0,14.8,77.0, opel isuzu deluxe,1,0,0,buick,0,0,0,0,1,0,0,0,0,0,0,0,0,0,0,0,0,0,0,0,0,0,0,0,0,0,0,0
36.0,4.0,79.0,58.0,1825.0,18.6,77.0, 5 gtl,0,1,0,renault,0,0,0,0,0,0,0,0,0,0,0,0,0,0,0,0,0,0,0,0,0,0,1,0,0,0,0,0
25.5,4.0,122.0,96.0,2300.0,15.5,77.0, arrow gs,1,0,0,plymouth,0,0,0,0,0,0,0,0,0,0,0,0,0,0,0,0,0,0,0,0,1,0,0,0,0,0,0,0
33.5,4.0,85.0,70.0,1945.0,16.8,77.0, f-10 hatchback,0,0,1,datsun,0,0,0,0,0,0,0,0,1,0,0,0,0,0,0,0,0,0,0,0,0,0,0,0,0,0,0,0
17.5,8.0,305.0,145.0,3880.0,12.5,77.0, caprice classic,1,0,0,chevrolet,0,0,0,0,0,0,1,0,0,0,0,0,0,0,0,0,0,0,0,0,0,0,0,0,0,0,0,0
17.0,8.0,260.0,110.0,4060.0,19.0,77.0, cutlass supreme,1,0,0,oldsmobile,0,0,0,0,0,0,0,0,0,0,0,0,0,0,0,0,0,1,0,0,0,0,0,0,0,0,0,0
15.5,8.0,318.0,145.0,4140.0,13.7,77.0, monaco brougham,1,0,0,dodge,0,0,0,0,0,0,0,0,0,1,0,0,0,0,0,0,0,0,0,0,0,0,0,0,0,0,0,0
15.0,8.0,302.0,130.0,4295.0,14.9,77.0, cougar brougham,1,0,0,mercury,0,0,0,0,0,0,0,0,0,0,0,0,0,0,0,0,1,0,0,0,0,0,0,0,0,0,0,0
17.5,6.0,250.0,110.0,3520.0,16.4,77.0, concours,1,0,0,chevrolet,0,0,0,0,0,0,1,0,0,0,0,0,0,0,0,0,0,0,0,0,0,0,0,0,0,0,0,0
20.5,6.0,231.0,105.0,3425.0,16.9,77.0, skylark,1,0,0,buick,0,0,0,0,1,0,0,0,0,0,0,0,0,0,0,0,0,0,0,0,0,0,0,0,0,0,0,0
19.0,6.0,225.0,100.0,3630.0,17.7,77.0, volare custom,1,0,0,plymouth,0,0,0,0,0,0,0,0,0,0,0,0,0,0,0,0,0,0,0,0,1,0,0,0,0,0,0,0
18.5,6.0,250.0,98.0,3525.0,19.0,77.0, granada,1,0,0,ford,0,0,0,0,0,0,0,0,0,0,0,1,0,0,0,0,0,0,0,0,0,0,0,0,0,0,0,0
16.0,8.0,400.0,180.0,4220.0,11.1,77.0, grand prix lj,1,0,0,pontiac,0,0,0,0,0,0,0,0,0,0,0,0,0,0,0,0,0,0,0,0,0,1,0,0,0,0,0,0
15.5,8.0,350.0,170.0,4165.0,11.4,77.0, monte carlo landau,1,0,0,chevrolet,0,0,0,0,0,0,1,0,0,0,0,0,0,0,0,0,0,0,0,0,0,0,0,0,0,0,0,0
15.5,8.0,400.0,190.0,4325.0,12.2,77.0, cordoba,1,0,0,chrysler,0,0,0,0,0,0,0,1,0,0,0,0,0,0,0,0,0,0,0,0,0,0,0,0,0,0,0,0
16.0,8.0,351.0,149.0,4335.0,14.5,77.0, thunderbird,1,0,0,ford,0,0,0,0,0,0,0,0,0,0,0,1,0,0,0,0,0,0,0,0,0,0,0,0,0,0,0,0
29.0,4.0,97.0,78.0,1940.0,14.5,77.0, rabbit custom,0,1,0,VW,1,0,0,0,0,0,0,0,0,0,0,0,0,0,0,0,0,0,0,0,0,0,0,0,0,0,0,0
24.5,4.0,151.0,88.0,2740.0,16.0,77.0, sunbird coupe,1,0,0,pontiac,0,0,0,0,0,0,0,0,0,0,0,0,0,0,0,0,0,0,0,0,0,1,0,0,0,0,0,0
26.0,4.0,97.0,75.0,2265.0,18.2,77.0, corolla liftback,0,0,1,toyota,0,0,0,0,0,0,0,0,0,0,0,0,0,0,0,0,0,0,0,0,0,0,0,0,0,1,0,0
25.5,4.0,140.0,89.0,2755.0,15.8,77.0, mustang ii 2+2,1,0,0,ford,0,0,0,0,0,0,0,0,0,0,0,1,0,0,0,0,0,0,0,0,0,0,0,0,0,0,0,0
30.5,4.0,98.0,63.0,2051.0,17.0,77.0, chevette,1,0,0,chevrolet,0,0,0,0,0,0,1,0,0,0,0,0,0,0,0,0,0,0,0,0,0,0,0,0,0,0,0,0
33.5,4.0,98.0,83.0,2075.0,15.9,77.0, colt m/m,1,0,0,dodge,0,0,0,0,0,0,0,0,0,1,0,0,0,0,0,0,0,0,0,0,0,0,0,0,0,0,0,0
30.0,4.0,97.0,67.0,1985.0,16.4,77.0, dl,0,0,1,subaru,0,0,0,0,0,0,0,0,0,0,0,0,0,0,0,0,0,0,0,0,0,0,0,0,1,0,0,0
30.5,4.0,97.0,78.0,2190.0,14.1,77.0, dasher,0,1,0,VW,1,0,0,0,0,0,0,0,0,0,0,0,0,0,0,0,0,0,0,0,0,0,0,0,0,0,0,0
22.0,6.0,146.0,97.0,2815.0,14.5,77.0, 810,0,0,1,datsun,0,0,0,0,0,0,0,0,1,0,0,0,0,0,0,0,0,0,0,0,0,0,0,0,0,0,0,0
21.5,4.0,121.0,110.0,2600.0,12.8,77.0, 320i,0,1,0,bmw,0,0,0,1,0,0,0,0,0,0,0,0,0,0,0,0,0,0,0,0,0,0,0,0,0,0,0,0
21.5,3.0,80.0,110.0,2720.0,13.5,77.0, rx-4,0,0,1,mazda,0,0,0,0,0,0,0,0,0,0,0,0,0,0,1,0,0,0,0,0,0,0,0,0,0,0,0,0
43.1,4.0,90.0,48.0,1985.0,21.5,78.0, rabbit custom diesel,0,1,0,VW,1,0,0,0,0,0,0,0,0,0,0,0,0,0,0,0,0,0,0,0,0,0,0,0,0,0,0,0
36.1,4.0,98.0,66.0,1800.0,14.4,78.0, fiesta,1,0,0,ford,0,0,0,0,0,0,0,0,0,0,0,1,0,0,0,0,0,0,0,0,0,0,0,0,0,0,0,0
32.8,4.0,78.0,52.0,1985.0,19.4,78.0, glc deluxe,0,0,1,mazda,0,0,0,0,0,0,0,0,0,0,0,0,0,0,1,0,0,0,0,0,0,0,0,0,0,0,0,0
39.4,4.0,85.0,70.0,2070.0,18.6,78.0, b210 gx,0,0,1,datsun,0,0,0,0,0,0,0,0,1,0,0,0,0,0,0,0,0,0,0,0,0,0,0,0,0,0,0,0
36.1,4.0,91.0,60.0,1800.0,16.4,78.0, civic cvcc,0,0,1,honda,0,0,0,0,0,0,0,0,0,0,0,0,0,1,0,0,0,0,0,0,0,0,0,0,0,0,0,0
19.9,8.0,260.0,110.0,3365.0,15.5,78.0, cutlass salon brougham,1,0,0,oldsmobile,0,0,0,0,0,0,0,0,0,0,0,0,0,0,0,0,0,1,0,0,0,0,0,0,0,0,0,0
19.4,8.0,318.0,140.0,3735.0,13.2,78.0, diplomat,1,0,0,dodge,0,0,0,0,0,0,0,0,0,1,0,0,0,0,0,0,0,0,0,0,0,0,0,0,0,0,0,0
20.2,8.0,302.0,139.0,3570.0,12.8,78.0, monarch ghia,1,0,0,mercury,0,0,0,0,0,0,0,0,0,0,0,0,0,0,0,0,1,0,0,0,0,0,0,0,0,0,0,0
19.2,6.0,231.0,105.0,3535.0,19.2,78.0, phoenix lj,1,0,0,pontiac,0,0,0,0,0,0,0,0,0,0,0,0,0,0,0,0,0,0,0,0,0,1,0,0,0,0,0,0
20.5,6.0,200.0,95.0,3155.0,18.2,78.0, malibu,1,0,0,chevrolet,0,0,0,0,0,0,1,0,0,0,0,0,0,0,0,0,0,0,0,0,0,0,0,0,0,0,0,0
20.2,6.0,200.0,85.0,2965.0,15.8,78.0, fairmont (auto),1,0,0,ford,0,0,0,0,0,0,0,0,0,0,0,1,0,0,0,0,0,0,0,0,0,0,0,0,0,0,0,0
25.1,4.0,140.0,88.0,2720.0,15.4,78.0, fairmont (man),1,0,0,ford,0,0,0,0,0,0,0,0,0,0,0,1,0,0,0,0,0,0,0,0,0,0,0,0,0,0,0,0
20.5,6.0,225.0,100.0,3430.0,17.2,78.0, volare,1,0,0,plymouth,0,0,0,0,0,0,0,0,0,0,0,0,0,0,0,0,0,0,0,0,1,0,0,0,0,0,0,0
19.4,6.0,232.0,90.0,3210.0,17.2,78.0, concord,1,0,0,amc,0,1,0,0,0,0,0,0,0,0,0,0,0,0,0,0,0,0,0,0,0,0,0,0,0,0,0,0
20.6,6.0,231.0,105.0,3380.0,15.8,78.0, century special,1,0,0,buick,0,0,0,0,1,0,0,0,0,0,0,0,0,0,0,0,0,0,0,0,0,0,0,0,0,0,0,0
20.8,6.0,200.0,85.0,3070.0,16.7,78.0, zephyr,1,0,0,mercury,0,0,0,0,0,0,0,0,0,0,0,0,0,0,0,0,1,0,0,0,0,0,0,0,0,0,0,0
18.6,6.0,225.0,110.0,3620.0,18.7,78.0, aspen,1,0,0,dodge,0,0,0,0,0,0,0,0,0,1,0,0,0,0,0,0,0,0,0,0,0,0,0,0,0,0,0,0
18.1,6.0,258.0,120.0,3410.0,15.1,78.0, concord d/l,1,0,0,amc,0,1,0,0,0,0,0,0,0,0,0,0,0,0,0,0,0,0,0,0,0,0,0,0,0,0,0,0
19.2,8.0,305.0,145.0,3425.0,13.2,78.0, monte carlo landau,1,0,0,chevrolet,0,0,0,0,0,0,1,0,0,0,0,0,0,0,0,0,0,0,0,0,0,0,0,0,0,0,0,0
17.7,6.0,231.0,165.0,3445.0,13.4,78.0, regal sport coupe (turbo),1,0,0,buick,0,0,0,0,1,0,0,0,0,0,0,0,0,0,0,0,0,0,0,0,0,0,0,0,0,0,0,0
18.1,8.0,302.0,139.0,3205.0,11.2,78.0, futura,1,0,0,ford,0,0,0,0,0,0,0,0,0,0,0,1,0,0,0,0,0,0,0,0,0,0,0,0,0,0,0,0
17.5,8.0,318.0,140.0,4080.0,13.7,78.0, magnum xe,1,0,0,dodge,0,0,0,0,0,0,0,0,0,1,0,0,0,0,0,0,0,0,0,0,0,0,0,0,0,0,0,0
30.0,4.0,98.0,68.0,2155.0,16.5,78.0, chevette,1,0,0,chevrolet,0,0,0,0,0,0,1,0,0,0,0,0,0,0,0,0,0,0,0,0,0,0,0,0,0,0,0,0
27.5,4.0,134.0,95.0,2560.0,14.2,78.0, corona,0,0,1,toyota,0,0,0,0,0,0,0,0,0,0,0,0,0,0,0,0,0,0,0,0,0,0,0,0,0,1,0,0
27.2,4.0,119.0,97.0,2300.0,14.7,78.0, 510,0,0,1,datsun,0,0,0,0,0,0,0,0,1,0,0,0,0,0,0,0,0,0,0,0,0,0,0,0,0,0,0,0
30.9,4.0,105.0,75.0,2230.0,14.5,78.0, omni,1,0,0,dodge,0,0,0,0,0,0,0,0,0,1,0,0,0,0,0,0,0,0,0,0,0,0,0,0,0,0,0,0
21.1,4.0,134.0,95.0,2515.0,14.8,78.0, celica gt liftback,0,0,1,toyota,0,0,0,0,0,0,0,0,0,0,0,0,0,0,0,0,0,0,0,0,0,0,0,0,0,1,0,0
23.2,4.0,156.0,105.0,2745.0,16.7,78.0, sapporo,1,0,0,plymouth,0,0,0,0,0,0,0,0,0,0,0,0,0,0,0,0,0,0,0,0,1,0,0,0,0,0,0,0
23.8,4.0,151.0,85.0,2855.0,17.6,78.0, starfire sx,1,0,0,oldsmobile,0,0,0,0,0,0,0,0,0,0,0,0,0,0,0,0,0,1,0,0,0,0,0,0,0,0,0,0
23.9,4.0,119.0,97.0,2405.0,14.9,78.0, 200-sx,0,0,1,datsun,0,0,0,0,0,0,0,0,1,0,0,0,0,0,0,0,0,0,0,0,0,0,0,0,0,0,0,0
20.3,5.0,131.0,103.0,2830.0,15.9,78.0, 5000,0,1,0,audi,0,0,1,0,0,0,0,0,0,0,0,0,0,0,0,0,0,0,0,0,0,0,0,0,0,0,0,0
17.0,6.0,163.0,125.0,3140.0,13.6,78.0, 264gl,0,1,0,volvo,0,0,0,0,0,0,0,0,0,0,0,0,0,0,0,0,0,0,0,0,0,0,0,0,0,0,0,1
21.6,4.0,121.0,115.0,2795.0,15.7,78.0, 99gle,0,1,0,saab,0,0,0,0,0,0,0,0,0,0,0,0,0,0,0,0,0,0,0,0,0,0,0,1,0,0,0,0
16.2,6.0,163.0,133.0,3410.0,15.8,78.0, 604sl,0,1,0,peugeot,0,0,0,0,0,0,0,0,0,0,0,0,0,0,0,0,0,0,0,1,0,0,0,0,0,0,0,0
31.5,4.0,89.0,71.0,1990.0,14.9,78.0, scirocco,0,1,0,VW,1,0,0,0,0,0,0,0,0,0,0,0,0,0,0,0,0,0,0,0,0,0,0,0,0,0,0,0
29.5,4.0,98.0,68.0,2135.0,16.6,78.0, accord lx,0,0,1,honda,0,0,0,0,0,0,0,0,0,0,0,0,0,1,0,0,0,0,0,0,0,0,0,0,0,0,0,0
21.5,6.0,231.0,115.0,3245.0,15.4,79.0, lemans v6,1,0,0,pontiac,0,0,0,0,0,0,0,0,0,0,0,0,0,0,0,0,0,0,0,0,0,1,0,0,0,0,0,0
19.8,6.0,200.0,85.0,2990.0,18.2,79.0, zephyr 6,1,0,0,mercury,0,0,0,0,0,0,0,0,0,0,0,0,0,0,0,0,1,0,0,0,0,0,0,0,0,0,0,0
22.3,4.0,140.0,88.0,2890.0,17.3,79.0, fairmont 4,1,0,0,ford,0,0,0,0,0,0,0,0,0,0,0,1,0,0,0,0,0,0,0,0,0,0,0,0,0,0,0,0
20.2,6.0,232.0,90.0,3265.0,18.2,79.0, concord dl 6,1,0,0,amc,0,1,0,0,0,0,0,0,0,0,0,0,0,0,0,0,0,0,0,0,0,0,0,0,0,0,0,0
20.6,6.0,225.0,110.0,3360.0,16.6,79.0, aspen 6,1,0,0,dodge,0,0,0,0,0,0,0,0,0,1,0,0,0,0,0,0,0,0,0,0,0,0,0,0,0,0,0,0
17.0,8.0,305.0,130.0,3840.0,15.4,79.0, caprice classic,1,0,0,chevrolet,0,0,0,0,0,0,1,0,0,0,0,0,0,0,0,0,0,0,0,0,0,0,0,0,0,0,0,0
17.6,8.0,302.0,129.0,3725.0,13.4,79.0, ltd landau,1,0,0,ford,0,0,0,0,0,0,0,0,0,0,0,1,0,0,0,0,0,0,0,0,0,0,0,0,0,0,0,0
16.5,8.0,351.0,138.0,3955.0,13.2,79.0, grand marquis,1,0,0,mercury,0,0,0,0,0,0,0,0,0,0,0,0,0,0,0,0,1,0,0,0,0,0,0,0,0,0,0,0
18.2,8.0,318.0,135.0,3830.0,15.2,79.0, st. regis,1,0,0,dodge,0,0,0,0,0,0,0,0,0,1,0,0,0,0,0,0,0,0,0,0,0,0,0,0,0,0,0,0
16.9,8.0,350.0,155.0,4360.0,14.9,79.0, estate wagon (sw),1,0,0,buick,0,0,0,0,1,0,0,0,0,0,0,0,0,0,0,0,0,0,0,0,0,0,0,0,0,0,0,0
15.5,8.0,351.0,142.0,4054.0,14.3,79.0, country squire (sw),1,0,0,ford,0,0,0,0,0,0,0,0,0,0,0,1,0,0,0,0,0,0,0,0,0,0,0,0,0,0,0,0
19.2,8.0,267.0,125.0,3605.0,15.0,79.0, malibu classic (sw),1,0,0,chevrolet,0,0,0,0,0,0,1,0,0,0,0,0,0,0,0,0,0,0,0,0,0,0,0,0,0,0,0,0
18.5,8.0,360.0,150.0,3940.0,13.0,79.0, lebaron town @ country (sw),1,0,0,chrysler,0,0,0,0,0,0,0,1,0,0,0,0,0,0,0,0,0,0,0,0,0,0,0,0,0,0,0,0
31.9,4.0,89.0,71.0,1925.0,14.0,79.0, rabbit custom,0,1,0,VW,1,0,0,0,0,0,0,0,0,0,0,0,0,0,0,0,0,0,0,0,0,0,0,0,0,0,0,0
34.1,4.0,86.0,65.0,1975.0,15.2,79.0, glc deluxe,0,0,1,mazda,0,0,0,0,0,0,0,0,0,0,0,0,0,0,1,0,0,0,0,0,0,0,0,0,0,0,0,0
35.7,4.0,98.0,80.0,1915.0,14.4,79.0, colt hatchback custom,1,0,0,dodge,0,0,0,0,0,0,0,0,0,1,0,0,0,0,0,0,0,0,0,0,0,0,0,0,0,0,0,0
27.4,4.0,121.0,80.0,2670.0,15.0,79.0, spirit dl,1,0,0,amc,0,1,0,0,0,0,0,0,0,0,0,0,0,0,0,0,0,0,0,0,0,0,0,0,0,0,0,0
25.4,5.0,183.0,77.0,3530.0,20.1,79.0, benz 300d,0,1,0,mercedes-benz,0,0,0,0,0,0,0,0,0,0,0,0,0,0,0,1,0,0,0,0,0,0,0,0,0,0,0,0
23.0,8.0,350.0,125.0,3900.0,17.4,79.0, eldorado,1,0,0,cadillac,0,0,0,0,0,1,0,0,0,0,0,0,0,0,0,0,0,0,0,0,0,0,0,0,0,0,0,0
27.2,4.0,141.0,71.0,3190.0,24.8,79.0, 504,0,1,0,peugeot,0,0,0,0,0,0,0,0,0,0,0,0,0,0,0,0,0,0,0,1,0,0,0,0,0,0,0,0
23.9,8.0,260.0,90.0,3420.0,22.2,79.0, cutlass salon brougham,1,0,0,oldsmobile,0,0,0,0,0,0,0,0,0,0,0,0,0,0,0,0,0,1,0,0,0,0,0,0,0,0,0,0
34.2,4.0,105.0,70.0,2200.0,13.2,79.0, horizon,1,0,0,plymouth,0,0,0,0,0,0,0,0,0,0,0,0,0,0,0,0,0,0,0,0,1,0,0,0,0,0,0,0
34.5,4.0,105.0,70.0,2150.0,14.9,79.0, horizon tc3,1,0,0,plymouth,0,0,0,0,0,0,0,0,0,0,0,0,0,0,0,0,0,0,0,0,1,0,0,0,0,0,0,0
31.8,4.0,85.0,65.0,2020.0,19.2,79.0, 210,0,0,1,datsun,0,0,0,0,0,0,0,0,1,0,0,0,0,0,0,0,0,0,0,0,0,0,0,0,0,0,0,0
37.3,4.0,91.0,69.0,2130.0,14.7,79.0, strada custom,0,1,0,fiat,0,0,0,0,0,0,0,0,0,0,1,0,0,0,0,0,0,0,0,0,0,0,0,0,0,0,0,0
28.4,4.0,151.0,90.0,2670.0,16.0,79.0, skylark limited,1,0,0,buick,0,0,0,0,1,0,0,0,0,0,0,0,0,0,0,0,0,0,0,0,0,0,0,0,0,0,0,0
28.8,6.0,173.0,115.0,2595.0,11.3,79.0, citation,1,0,0,chevrolet,0,0,0,0,0,0,1,0,0,0,0,0,0,0,0,0,0,0,0,0,0,0,0,0,0,0,0,0
26.8,6.0,173.0,115.0,2700.0,12.9,79.0, omega brougham,1,0,0,oldsmobile,0,0,0,0,0,0,0,0,0,0,0,0,0,0,0,0,0,1,0,0,0,0,0,0,0,0,0,0
33.5,4.0,151.0,90.0,2556.0,13.2,79.0, phoenix,1,0,0,pontiac,0,0,0,0,0,0,0,0,0,0,0,0,0,0,0,0,0,0,0,0,0,1,0,0,0,0,0,0
41.5,4.0,98.0,76.0,2144.0,14.7,80.0, rabbit,0,1,0,VW,1,0,0,0,0,0,0,0,0,0,0,0,0,0,0,0,0,0,0,0,0,0,0,0,0,0,0,0
38.1,4.0,89.0,60.0,1968.0,18.8,80.0, corolla tercel,0,0,1,toyota,0,0,0,0,0,0,0,0,0,0,0,0,0,0,0,0,0,0,0,0,0,0,0,0,0,1,0,0
32.1,4.0,98.0,70.0,2120.0,15.5,80.0, chevette,1,0,0,chevrolet,0,0,0,0,0,0,1,0,0,0,0,0,0,0,0,0,0,0,0,0,0,0,0,0,0,0,0,0
37.2,4.0,86.0,65.0,2019.0,16.4,80.0, 310,0,0,1,datsun,0,0,0,0,0,0,0,0,1,0,0,0,0,0,0,0,0,0,0,0,0,0,0,0,0,0,0,0
28.0,4.0,151.0,90.0,2678.0,16.5,80.0, citation,1,0,0,chevrolet,0,0,0,0,0,0,1,0,0,0,0,0,0,0,0,0,0,0,0,0,0,0,0,0,0,0,0,0
26.4,4.0,140.0,88.0,2870.0,18.1,80.0, fairmont,1,0,0,ford,0,0,0,0,0,0,0,0,0,0,0,1,0,0,0,0,0,0,0,0,0,0,0,0,0,0,0,0
24.3,4.0,151.0,90.0,3003.0,20.1,80.0, concord,1,0,0,amc,0,1,0,0,0,0,0,0,0,0,0,0,0,0,0,0,0,0,0,0,0,0,0,0,0,0,0,0
19.1,6.0,225.0,90.0,3381.0,18.7,80.0, aspen,1,0,0,dodge,0,0,0,0,0,0,0,0,0,1,0,0,0,0,0,0,0,0,0,0,0,0,0,0,0,0,0,0
34.3,4.0,97.0,78.0,2188.0,15.8,80.0, 4000,0,1,0,audi,0,0,1,0,0,0,0,0,0,0,0,0,0,0,0,0,0,0,0,0,0,0,0,0,0,0,0,0
29.8,4.0,134.0,90.0,2711.0,15.5,80.0, corona liftback,0,0,1,toyota,0,0,0,0,0,0,0,0,0,0,0,0,0,0,0,0,0,0,0,0,0,0,0,0,0,1,0,0
31.3,4.0,120.0,75.0,2542.0,17.5,80.0, 626,0,0,1,mazda,0,0,0,0,0,0,0,0,0,0,0,0,0,0,1,0,0,0,0,0,0,0,0,0,0,0,0,0
37.0,4.0,119.0,92.0,2434.0,15.0,80.0, 510 hatchback,0,0,1,datsun,0,0,0,0,0,0,0,0,1,0,0,0,0,0,0,0,0,0,0,0,0,0,0,0,0,0,0,0
32.2,4.0,108.0,75.0,2265.0,15.2,80.0, corolla,0,0,1,toyota,0,0,0,0,0,0,0,0,0,0,0,0,0,0,0,0,0,0,0,0,0,0,0,0,0,1,0,0
46.6,4.0,86.0,65.0,2110.0,17.9,80.0, glc,0,0,1,mazda,0,0,0,0,0,0,0,0,0,0,0,0,0,0,1,0,0,0,0,0,0,0,0,0,0,0,0,0
27.9,4.0,156.0,105.0,2800.0,14.4,80.0, colt,1,0,0,dodge,0,0,0,0,0,0,0,0,0,1,0,0,0,0,0,0,0,0,0,0,0,0,0,0,0,0,0,0
40.8,4.0,85.0,65.0,2110.0,19.2,80.0, 210,0,0,1,datsun,0,0,0,0,0,0,0,0,1,0,0,0,0,0,0,0,0,0,0,0,0,0,0,0,0,0,0,0
44.3,4.0,90.0,48.0,2085.0,21.7,80.0, rabbit c (diesel),0,1,0,VW,1,0,0,0,0,0,0,0,0,0,0,0,0,0,0,0,0,0,0,0,0,0,0,0,0,0,0,0
43.4,4.0,90.0,48.0,2335.0,23.7,80.0, dasher (diesel),0,1,0,VW,1,0,0,0,0,0,0,0,0,0,0,0,0,0,0,0,0,0,0,0,0,0,0,0,0,0,0,0
36.4,5.0,121.0,67.0,2950.0,19.9,80.0, 5000s (diesel),0,1,0,audi,0,0,1,0,0,0,0,0,0,0,0,0,0,0,0,0,0,0,0,0,0,0,0,0,0,0,0,0
30.0,4.0,146.0,67.0,3250.0,21.8,80.0, 240d,0,1,0,mercedes-benz,0,0,0,0,0,0,0,0,0,0,0,0,0,0,0,1,0,0,0,0,0,0,0,0,0,0,0,0
44.6,4.0,91.0,67.0,1850.0,13.8,80.0, civic 1500 gl,0,0,1,honda,0,0,0,0,0,0,0,0,0,0,0,0,0,1,0,0,0,0,0,0,0,0,0,0,0,0,0,0
40.9,4.0,85.0,53.5,1835.0,17.3,80.0, lecar deluxe,0,1,0,renault,0,0,0,0,0,0,0,0,0,0,0,0,0,0,0,0,0,0,0,0,0,0,1,0,0,0,0,0
33.8,4.0,97.0,67.0,2145.0,18.0,80.0, dl,0,0,1,subaru,0,0,0,0,0,0,0,0,0,0,0,0,0,0,0,0,0,0,0,0,0,0,0,0,1,0,0,0
29.8,4.0,89.0,62.0,1845.0,15.3,80.0, rabbit,0,1,0,VW,1,0,0,0,0,0,0,0,0,0,0,0,0,0,0,0,0,0,0,0,0,0,0,0,0,0,0,0
32.7,6.0,168.0,132.0,2910.0,11.4,80.0, 280-zx,0,0,1,datsun,0,0,0,0,0,0,0,0,1,0,0,0,0,0,0,0,0,0,0,0,0,0,0,0,0,0,0,0
23.7,3.0,70.0,100.0,2420.0,12.5,80.0, rx-7 gs,0,0,1,mazda,0,0,0,0,0,0,0,0,0,0,0,0,0,0,1,0,0,0,0,0,0,0,0,0,0,0,0,0
35.0,4.0,122.0,88.0,2500.0,15.1,80.0, tr7 coupe,0,1,0,triumph,0,0,0,0,0,0,0,0,0,0,0,0,0,0,0,0,0,0,0,0,0,0,0,0,0,0,1,0
23.6,4.0,140.0,118.0,2905.0,14.3,80.0, mustang cobra,1,0,0,ford,0,0,0,0,0,0,0,0,0,0,0,1,0,0,0,0,0,0,0,0,0,0,0,0,0,0,0,0
32.4,4.0,107.0,72.0,2290.0,17.0,80.0, accord,0,0,1,honda,0,0,0,0,0,0,0,0,0,0,0,0,0,1,0,0,0,0,0,0,0,0,0,0,0,0,0,0
27.2,4.0,135.0,84.0,2490.0,15.7,81.0, reliant,1,0,0,plymouth,0,0,0,0,0,0,0,0,0,0,0,0,0,0,0,0,0,0,0,0,1,0,0,0,0,0,0,0
26.6,4.0,151.0,84.0,2635.0,16.4,81.0, skylark,1,0,0,buick,0,0,0,0,1,0,0,0,0,0,0,0,0,0,0,0,0,0,0,0,0,0,0,0,0,0,0,0
25.8,4.0,156.0,92.0,2620.0,14.4,81.0, aries wagon (sw),1,0,0,dodge,0,0,0,0,0,0,0,0,0,1,0,0,0,0,0,0,0,0,0,0,0,0,0,0,0,0,0,0
23.5,6.0,173.0,110.0,2725.0,12.6,81.0, citation,1,0,0,chevrolet,0,0,0,0,0,0,1,0,0,0,0,0,0,0,0,0,0,0,0,0,0,0,0,0,0,0,0,0
30.0,4.0,135.0,84.0,2385.0,12.9,81.0, reliant,1,0,0,plymouth,0,0,0,0,0,0,0,0,0,0,0,0,0,0,0,0,0,0,0,0,1,0,0,0,0,0,0,0
39.1,4.0,79.0,58.0,1755.0,16.9,81.0, starlet,0,0,1,toyota,0,0,0,0,0,0,0,0,0,0,0,0,0,0,0,0,0,0,0,0,0,0,0,0,0,1,0,0
39.0,4.0,86.0,64.0,1875.0,16.4,81.0, champ,1,0,0,plymouth,0,0,0,0,0,0,0,0,0,0,0,0,0,0,0,0,0,0,0,0,1,0,0,0,0,0,0,0
35.1,4.0,81.0,60.0,1760.0,16.1,81.0, civic 1300,0,0,1,honda,0,0,0,0,0,0,0,0,0,0,0,0,0,1,0,0,0,0,0,0,0,0,0,0,0,0,0,0
32.3,4.0,97.0,67.0,2065.0,17.8,81.0,subaru,0,0,1,subaru,0,0,0,0,0,0,0,0,0,0,0,0,0,0,0,0,0,0,0,0,0,0,0,0,1,0,0,0
37.0,4.0,85.0,65.0,1975.0,19.4,81.0, 210 mpg,0,0,1,datsun,0,0,0,0,0,0,0,0,1,0,0,0,0,0,0,0,0,0,0,0,0,0,0,0,0,0,0,0
37.7,4.0,89.0,62.0,2050.0,17.3,81.0, tercel,0,0,1,toyota,0,0,0,0,0,0,0,0,0,0,0,0,0,0,0,0,0,0,0,0,0,0,0,0,0,1,0,0
34.1,4.0,91.0,68.0,1985.0,16.0,81.0, glc 4,0,0,1,mazda,0,0,0,0,0,0,0,0,0,0,0,0,0,0,1,0,0,0,0,0,0,0,0,0,0,0,0,0
34.7,4.0,105.0,63.0,2215.0,14.9,81.0, horizon 4,1,0,0,plymouth,0,0,0,0,0,0,0,0,0,0,0,0,0,0,0,0,0,0,0,0,1,0,0,0,0,0,0,0
34.4,4.0,98.0,65.0,2045.0,16.2,81.0, escort 4w,1,0,0,ford,0,0,0,0,0,0,0,0,0,0,0,1,0,0,0,0,0,0,0,0,0,0,0,0,0,0,0,0
29.9,4.0,98.0,65.0,2380.0,20.7,81.0, escort 2h,1,0,0,ford,0,0,0,0,0,0,0,0,0,0,0,1,0,0,0,0,0,0,0,0,0,0,0,0,0,0,0,0
33.0,4.0,105.0,74.0,2190.0,14.2,81.0, jetta,0,1,0,VW,1,0,0,0,0,0,0,0,0,0,0,0,0,0,0,0,0,0,0,0,0,0,0,0,0,0,0,0
34.5,4.0,100.0,81.0,2320.0,15.8,81.0, 18i,0,1,0,renault,0,0,0,0,0,0,0,0,0,0,0,0,0,0,0,0,0,0,0,0,0,0,1,0,0,0,0,0
33.7,4.0,107.0,75.0,2210.0,14.4,81.0, prelude,0,0,1,honda,0,0,0,0,0,0,0,0,0,0,0,0,0,1,0,0,0,0,0,0,0,0,0,0,0,0,0,0
32.4,4.0,108.0,75.0,2350.0,16.8,81.0, corolla,0,0,1,toyota,0,0,0,0,0,0,0,0,0,0,0,0,0,0,0,0,0,0,0,0,0,0,0,0,0,1,0,0
32.9,4.0,119.0,100.0,2615.0,14.8,81.0, 200sx,0,0,1,datsun,0,0,0,0,0,0,0,0,1,0,0,0,0,0,0,0,0,0,0,0,0,0,0,0,0,0,0,0
31.6,4.0,120.0,74.0,2635.0,18.3,81.0, 626,0,0,1,mazda,0,0,0,0,0,0,0,0,0,0,0,0,0,0,1,0,0,0,0,0,0,0,0,0,0,0,0,0
28.1,4.0,141.0,80.0,3230.0,20.4,81.0, 505s turbo diesel,0,1,0,peugeot,0,0,0,0,0,0,0,0,0,0,0,0,0,0,0,0,0,0,0,1,0,0,0,0,0,0,0,0
30.7,6.0,145.0,76.0,3160.0,19.6,81.0, diesel,0,1,0,volvo,0,0,0,0,0,0,0,0,0,0,0,0,0,0,0,0,0,0,0,0,0,0,0,0,0,0,0,1
25.4,6.0,168.0,116.0,2900.0,12.6,81.0, cressida,0,0,1,toyota,0,0,0,0,0,0,0,0,0,0,0,0,0,0,0,0,0,0,0,0,0,0,0,0,0,1,0,0
24.2,6.0,146.0,120.0,2930.0,13.8,81.0, 810 maxima,0,0,1,datsun,0,0,0,0,0,0,0,0,1,0,0,0,0,0,0,0,0,0,0,0,0,0,0,0,0,0,0,0
22.4,6.0,231.0,110.0,3415.0,15.8,81.0, century,1,0,0,buick,0,0,0,0,1,0,0,0,0,0,0,0,0,0,0,0,0,0,0,0,0,0,0,0,0,0,0,0
26.6,8.0,350.0,105.0,3725.0,19.0,81.0, cutlass ls,1,0,0,oldsmobile,0,0,0,0,0,0,0,0,0,0,0,0,0,0,0,0,0,1,0,0,0,0,0,0,0,0,0,0
20.2,6.0,200.0,88.0,3060.0,17.1,81.0, granada gl,1,0,0,ford,0,0,0,0,0,0,0,0,0,0,0,1,0,0,0,0,0,0,0,0,0,0,0,0,0,0,0,0
17.6,6.0,225.0,85.0,3465.0,16.6,81.0, lebaron salon,1,0,0,chrysler,0,0,0,0,0,0,0,1,0,0,0,0,0,0,0,0,0,0,0,0,0,0,0,0,0,0,0,0
28.0,4.0,112.0,88.0,2605.0,19.6,82.0, cavalier,1,0,0,chevrolet,0,0,0,0,0,0,1,0,0,0,0,0,0,0,0,0,0,0,0,0,0,0,0,0,0,0,0,0
27.0,4.0,112.0,88.0,2640.0,18.6,82.0, cavalier wagon,1,0,0,chevrolet,0,0,0,0,0,0,1,0,0,0,0,0,0,0,0,0,0,0,0,0,0,0,0,0,0,0,0,0
34.0,4.0,112.0,88.0,2395.0,18.0,82.0, cavalier 2-door,1,0,0,chevrolet,0,0,0,0,0,0,1,0,0,0,0,0,0,0,0,0,0,0,0,0,0,0,0,0,0,0,0,0
31.0,4.0,112.0,85.0,2575.0,16.2,82.0, j2000 se hatchback,1,0,0,pontiac,0,0,0,0,0,0,0,0,0,0,0,0,0,0,0,0,0,0,0,0,0,1,0,0,0,0,0,0
29.0,4.0,135.0,84.0,2525.0,16.0,82.0, aries se,1,0,0,dodge,0,0,0,0,0,0,0,0,0,1,0,0,0,0,0,0,0,0,0,0,0,0,0,0,0,0,0,0
27.0,4.0,151.0,90.0,2735.0,18.0,82.0, phoenix,1,0,0,pontiac,0,0,0,0,0,0,0,0,0,0,0,0,0,0,0,0,0,0,0,0,0,1,0,0,0,0,0,0
24.0,4.0,140.0,92.0,2865.0,16.4,82.0, fairmont futura,1,0,0,ford,0,0,0,0,0,0,0,0,0,0,0,1,0,0,0,0,0,0,0,0,0,0,0,0,0,0,0,0
23.0,4.0,151.0,82.0,3035.0,20.5,82.0, concord dl,1,0,0,amc,0,1,0,0,0,0,0,0,0,0,0,0,0,0,0,0,0,0,0,0,0,0,0,0,0,0,0,0
36.0,4.0,105.0,74.0,1980.0,15.3,82.0, rabbit l,0,1,0,VW,1,0,0,0,0,0,0,0,0,0,0,0,0,0,0,0,0,0,0,0,0,0,0,0,0,0,0,0
37.0,4.0,91.0,68.0,2025.0,18.2,82.0, glc custom l,0,0,1,mazda,0,0,0,0,0,0,0,0,0,0,0,0,0,0,1,0,0,0,0,0,0,0,0,0,0,0,0,0
31.0,4.0,91.0,68.0,1970.0,17.6,82.0, glc custom,0,0,1,mazda,0,0,0,0,0,0,0,0,0,0,0,0,0,0,1,0,0,0,0,0,0,0,0,0,0,0,0,0
38.0,4.0,105.0,63.0,2125.0,14.7,82.0, horizon miser,1,0,0,plymouth,0,0,0,0,0,0,0,0,0,0,0,0,0,0,0,0,0,0,0,0,1,0,0,0,0,0,0,0
36.0,4.0,98.0,70.0,2125.0,17.3,82.0, lynx l,1,0,0,mercury,0,0,0,0,0,0,0,0,0,0,0,0,0,0,0,0,1,0,0,0,0,0,0,0,0,0,0,0
36.0,4.0,120.0,88.0,2160.0,14.5,82.0, stanza xe,0,0,1,datsun,0,0,0,0,0,0,0,0,1,0,0,0,0,0,0,0,0,0,0,0,0,0,0,0,0,0,0,0
36.0,4.0,107.0,75.0,2205.0,14.5,82.0, accord,0,0,1,honda,0,0,0,0,0,0,0,0,0,0,0,0,0,1,0,0,0,0,0,0,0,0,0,0,0,0,0,0
34.0,4.0,108.0,70.0,2245.0,16.9,82.0, corolla,0,0,1,toyota,0,0,0,0,0,0,0,0,0,0,0,0,0,0,0,0,0,0,0,0,0,0,0,0,0,1,0,0
38.0,4.0,91.0,67.0,1965.0,15.0,82.0, civic,0,0,1,honda,0,0,0,0,0,0,0,0,0,0,0,0,0,1,0,0,0,0,0,0,0,0,0,0,0,0,0,0
32.0,4.0,91.0,67.0,1965.0,15.7,82.0, civic (auto),0,0,1,honda,0,0,0,0,0,0,0,0,0,0,0,0,0,1,0,0,0,0,0,0,0,0,0,0,0,0,0,0
38.0,4.0,91.0,67.0,1995.0,16.2,82.0, 310 gx,0,0,1,datsun,0,0,0,0,0,0,0,0,1,0,0,0,0,0,0,0,0,0,0,0,0,0,0,0,0,0,0,0
25.0,6.0,181.0,110.0,2945.0,16.4,82.0, century limited,1,0,0,buick,0,0,0,0,1,0,0,0,0,0,0,0,0,0,0,0,0,0,0,0,0,0,0,0,0,0,0,0
38.0,6.0,262.0,85.0,3015.0,17.0,82.0, cutlass ciera (diesel),1,0,0,oldsmobile,0,0,0,0,0,0,0,0,0,0,0,0,0,0,0,0,0,1,0,0,0,0,0,0,0,0,0,0
26.0,4.0,156.0,92.0,2585.0,14.5,82.0, lebaron medallion,1,0,0,chrysler,0,0,0,0,0,0,0,1,0,0,0,0,0,0,0,0,0,0,0,0,0,0,0,0,0,0,0,0
22.0,6.0,232.0,112.0,2835.0,14.7,82.0, granada l,1,0,0,ford,0,0,0,0,0,0,0,0,0,0,0,1,0,0,0,0,0,0,0,0,0,0,0,0,0,0,0,0
32.0,4.0,144.0,96.0,2665.0,13.9,82.0, celica gt,0,0,1,toyota,0,0,0,0,0,0,0,0,0,0,0,0,0,0,0,0,0,0,0,0,0,0,0,0,0,1,0,0
36.0,4.0,135.0,84.0,2370.0,13.0,82.0, charger 2.2,1,0,0,dodge,0,0,0,0,0,0,0,0,0,1,0,0,0,0,0,0,0,0,0,0,0,0,0,0,0,0,0,0
27.0,4.0,151.0,90.0,2950.0,17.3,82.0, camaro,1,0,0,chevrolet,0,0,0,0,0,0,1,0,0,0,0,0,0,0,0,0,0,0,0,0,0,0,0,0,0,0,0,0
27.0,4.0,140.0,86.0,2790.0,15.6,82.0, mustang gl,1,0,0,ford,0,0,0,0,0,0,0,0,0,0,0,1,0,0,0,0,0,0,0,0,0,0,0,0,0,0,0,0
44.0,4.0,97.0,52.0,2130.0,24.6,82.0, pickup,0,1,0,VW,1,0,0,0,0,0,0,0,0,0,0,0,0,0,0,0,0,0,0,0,0,0,0,0,0,0,0,0
32.0,4.0,135.0,84.0,2295.0,11.6,82.0, rampage,1,0,0,dodge,0,0,0,0,0,0,0,0,0,1,0,0,0,0,0,0,0,0,0,0,0,0,0,0,0,0,0,0
28.0,4.0,120.0,79.0,2625.0,18.6,82.0, ranger,1,0,0,ford,0,0,0,0,0,0,0,0,0,0,0,1,0,0,0,0,0,0,0,0,0,0,0,0,0,0,0,0
31.0,4.0,119.0,82.0,2720.0,19.4,82.0, s-10,1,0,0,chevrolet,0,0,0,0,0,0,1,0,0,0,0,0,0,0,0,0,0,0,0,0,0,0,0,0,0,0,0,0
